<?xml version="1.0" encoding="UTF-8" standalone="yes"?>
<metadata>
    <map>
        <entry>
            <key>DISPLAYNAME</key>
            <value>collect_audit_log.xml</value>
        </entry>
        <entry>
            <key>DATE_MODIFICATION</key>
            <value>1738065500897</value>
        </entry>
        <entry>
            <key>REPOSITORY</key>
            <value>CommandDefinition</value>
        </entry>
        <entry>
            <key>MODEL</key>
            <value>14020601</value>
        </entry>
        <entry>
            <key>TAG</key>
        </entry>
        <entry>
            <key>FILE_TYPE</key>
            <value>text</value>
        </entry>
        <entry>
            <key>DATE_CREATION</key>
            <value>1730001731792</value>
        </entry>
        <entry>
            <key>MANUFACTURER</key>
            <value>14020601</value>
        </entry>
        <entry>
            <key>TYPE</key>
            <value>FILE</value>
        </entry>
        <entry>
            <key>COMMENT</key>
        </entry>
    </map>
</metadata>
