<ObjectDefinition>
  <information>
    <icon>none</icon>
    <description></description>
    <displayField>object_id</displayField>
    <order>9999</order>
    <visibility/>
    <wfConstraintsPath></wfConstraintsPath>
    <configType>cli</configType>
    <createTemplateId></createTemplateId>
    <createTemplateObject></createTemplateObject>
    <defaultDisplay>false</defaultDisplay>
    <dynamic>false</dynamic>
    <importIfMandatoryPresent>false</importIfMandatoryPresent>
    <maxInstances>0</maxInstances>
    <relatedObjects></relatedObjects>
    <retainIfImportIsEmpty>false</retainIfImportIsEmpty>
    <name>collect_audit_log</name>
    <group>Default</group>
    <importonce>false</importonce>
    <importrank>1</importrank>
    <reorderinstances>false</reorderinstances>
    <sortascending>false</sortascending>
    <sortauto>false</sortauto>
    <sortnumerical>false</sortnumerical>
    <sortvariable>params._order</sortvariable>
  </information>
  <variables frozen="0">
    <variable displayName="object_id" name="params.object_id" startIncrement="0" type="String" mandatoryArray="false" visible="true" description="" groupSeparator="" groupDisplayName="" maxLength="1" displayOrder="0" increment="0" refServiceURI="" keepOnImport="false" editable="false" uniqueItemsInDropDownList="false" onlyDetailView="false" createOnlyView="false" localVarNameMatch="" remoteVarNameMatch="" localVarToFilter="" remoteVarToFilter="" remoteVarValueToFilter="" arrayCanAdd="true" arrayCanRemove="true" arrayCanMove="true" arrayCanEdit="true" displayNameHeader="" fullDisplayName="" isCompositeKey="false" default="1" isMandatory="true" isUserLocked="true" isEditLocked="true" isGrouped="false" isSearchable="false" isUniqueGlobal="false"/>
    <variable displayName="Start date (DD/MM/YYYY)" name="params.stdt_ddmmyyyy" startIncrement="0" type="String" mandatoryArray="false" visible="true" description="" groupSeparator="|" groupDisplayName="" maxLength="100" displayOrder="1" increment="0" refServiceURI="" keepOnImport="true" editable="false" uniqueItemsInDropDownList="false" onlyDetailView="false" createOnlyView="false" localVarNameMatch="" remoteVarNameMatch="" localVarToFilter="" remoteVarToFilter="" remoteVarValueToFilter="" arrayCanAdd="true" arrayCanRemove="true" arrayCanMove="true" arrayCanEdit="true" validationRegex="^(0[1-9]|[12][0-9]|3[01])/(0[1-9]|1[0-2])/(19|20)\d{2}$" displayNameHeader="" fullDisplayName="" isCompositeKey="false" default="01/01/2025" isMandatory="true" isUserLocked="false" isEditLocked="false" isGrouped="false" isSearchable="false" isUniqueGlobal="false"/>
    <variable displayName="End date (DD/MM/YYYY)" name="params.eddt_ddmmyyyy" startIncrement="0" type="String" mandatoryArray="false" visible="true" description="" groupSeparator="|" groupDisplayName="" maxLength="100" displayOrder="2" increment="0" refServiceURI="" keepOnImport="true" editable="false" uniqueItemsInDropDownList="false" onlyDetailView="false" createOnlyView="false" localVarNameMatch="" remoteVarNameMatch="" localVarToFilter="" remoteVarToFilter="" remoteVarValueToFilter="" arrayCanAdd="true" arrayCanRemove="true" arrayCanMove="true" arrayCanEdit="true" validationRegex="^(0[1-9]|[12][0-9]|3[01])/(0[1-9]|1[0-2])/(19|20)\d{2}$" displayNameHeader="" fullDisplayName="" isCompositeKey="false" default="31/12/2025" isMandatory="true" isUserLocked="false" isEditLocked="false" isGrouped="false" isSearchable="false" isUniqueGlobal="false"/>
  </variables>
  <example>
    <content>20240101 ObjectID:1 Start:01012024 End:31122025</content>
  </example>
  <command name="IMPORT">
    <operation><![CDATA[tail -1 /var/log/UEBA_update.log]]></operation>
    <parser>
      <section>
        <regexp>@^\d{8}\sObjectID:(?&lt;object_id&gt;(\d{1,}))\sStart\:(?&lt;stdt_mmddyyyy&gt;(0[1-9]|[12][0-9]|3[01])\/(0[1-9]|1[0-2])\/(19|20)\d{2})\sEnd\:(?&lt;eddt_mmddyyyy&gt;(0[1-9]|[12][0-9]|3[01])\/(0[1-9]|1[0-2])\/(19|20)\d{2})@</regexp>
      </section>
      <lines/>
    </parser>
  </command>
  <command name="CREATE">
    <operation><![CDATA[echo "`date +%Y%m%d` ObjectID:{$params.object_id} Start:{$params.stdt_ddmmyyyy} End:{$params.eddt_ddmmyyyy}" >> /var/log/UEBA_update.log
FILENAME_AUSEARCH=/var/log/UEBA_ausearch_log_`date +%Y%m%d`
#ausearch -sc 59 -i --start {$params.stdt_ddmmyyyy} --end {$params.eddt_ddmmyyyy} > $FILENAME_AUSEARCH
ausearch -sc 44 -i --start {$params.stdt_ddmmyyyy} --end {$params.eddt_ddmmyyyy} > $FILENAME_AUSEARCH
]]></operation>
  </command>
  <command name="READ">
    <output><![CDATA[]]></output>
  </command>
  <command name="UPDATE">
    <operation><![CDATA[echo "`date +%Y%m%d` ObjectID:{$params.object_id} Start:{$params.stdt_ddmmyyyy} End:{$params.eddt_ddmmyyyy}" >> /var/log/UEBA_update.log
FILENAME_AUSEARCH=/var/log/UEBA_ausearch_log_`date +%Y%m%d`
#ausearch -sc 59 -i --start {$params.stdt_ddmmyyyy} --end {$params.eddt_ddmmyyyy} > $FILENAME_AUSEARCH
ausearch -sc 44 -i --start {$params.stdt_ddmmyyyy} --end {$params.eddt_ddmmyyyy} > $FILENAME_AUSEARCH
]]></operation>
  </command>
  <command name="CONSTRAINT"/>
  <command name="DELETE">
    <operation><![CDATA[]]></operation>
  </command>
  <command name="LIST"/>
</ObjectDefinition>
